"key","en","es"
"a11y.skip_to_content","Skip to content","Ir al contenido"
"access.full","can edit","puede editar"
"access.viewer","can only view","solo puede ver"
"admin.audit.action","Action","Acción"
"admin.audit.actor","By","Por"
"admin.audit.impersonated","Impersonated","Suplantado"
"admin.audit.lead","Who did what, and when. Nothing here can be changed.","Quién hizo qué, y cuándo. Nada de esto se puede cambiar."
"admin.audit.search","Search by record id or action","Buscar por id o acción"
"admin.audit.subject","Record","Registro"
"admin.audit.title","Audit log","Registro de auditoría"
"admin.audit.when","When","Cuándo"
"admin.empty","Nothing here yet.","Todavía no hay nada acá."
"admin.lead","Manage users, organizations, texts and legal documents.","Manejá usuarios, organizaciones, textos y documentos legales."
"admin.legal.body","Text","Texto"
"admin.legal.body_help","Leave a blank line between paragraphs. Start a line with ## for a heading.","Dejá una línea en blanco entre párrafos. Empezá una línea con ## para un título."
"admin.legal.doc_title","Title","Título"
"admin.legal.lead","Terms, privacy and cookies. People always see the published version.","Términos, privacidad y cookies. Las personas siempre ven la versión publicada."
"admin.legal.live","Live","Publicada"
"admin.legal.new_version","New version","Versión nueva"
"admin.legal.not_published","Not published","Sin publicar"
"admin.legal.note","Note about this change","Nota sobre el cambio"
"admin.legal.note_help","For you and other admins, not shown to users.","Para vos y otros administradores, no se muestra a los usuarios."
"admin.legal.publish","Publish","Publicar"
"admin.legal.publish_body","Everyone will see this version from now on.","Desde ahora todos van a ver esta versión."
"admin.legal.publish_now","Publish right away","Publicar ya"
"admin.legal.publish_title","Publish version {{version}}?","¿Publicar la versión {{version}}?"
"admin.legal.published_version","Version {{version}} is live","La versión {{version}} está publicada"
"admin.legal.save","Save as draft","Guardar borrador"
"admin.legal.save_publish","Save and publish","Guardar y publicar"
"admin.legal.show_lead","Write a new version, then publish it. Old versions stay for the record.","Escribí una versión nueva y después publicala. Las versiones viejas quedan guardadas."
"admin.legal.title","Legal documents","Documentos legales"
"admin.legal.version","Version {{version}}","Versión {{version}}"
"admin.legal.versions","Versions","Versiones"
"admin.legal.versions_help","Only one version is live at a time.","Solo una versión está publicada a la vez."
"admin.nav.audit","Audit log","Registro de auditoría"
"admin.nav.back","Back to the app","Volver a la app"
"admin.nav.jobs","Background jobs","Tareas en segundo plano"
"admin.nav.legal","Legal documents","Documentos legales"
"admin.nav.organizations","Organizations","Organizaciones"
"admin.nav.overview","Overview","Resumen"
"admin.nav.translations","Texts","Textos"
"admin.nav.users","Users","Usuarios"
"admin.organizations.lead","Every organization and how many people it has.","Todas las organizaciones y cuántas personas tienen."
"admin.organizations.members","People","Personas"
"admin.organizations.search","Search organizations by name","Buscar organizaciones por nombre"
"admin.organizations.title","Organizations","Organizaciones"
"admin.stats.organizations","Organizations","Organizaciones"
"admin.stats.users","Users","Usuarios"
"admin.title","Admin","Administración"
"admin.translations.all","All texts","Todos los textos"
"admin.translations.edit","Edit {{key}} ({{locale}})","Editar {{key}} ({{locale}})"
"admin.translations.edited","Edited","Editado"
"admin.translations.empty","Empty","Vacío"
"admin.translations.fill","Fill missing {{language}}","Completar {{language}}"
"admin.translations.fill_body","An AI translates them from English. Review the result: it is marked as edited.","Una IA los traduce del inglés. Revisá el resultado: queda marcado como editado."
"admin.translations.fill_title","Fill the missing {{language}} texts automatically?","¿Completar automáticamente los textos que faltan en {{language}}?"
"admin.translations.filter_missing","Show","Mostrar"
"admin.translations.lead","Every text of the app, per language. Changes go live at once and survive deploys.","Todos los textos de la app, por idioma. Los cambios se ven al instante y no se pierden al actualizar."
"admin.translations.missing_in","Missing in {{language}}","Faltan en {{language}}"
"admin.translations.placeholder_help","Keep words inside {{ }} exactly as they are: the app fills them in.","Dejá las palabras entre {{ }} tal cual: la app las completa."
"admin.translations.search","Search texts","Buscar textos"
"admin.translations.title","Texts","Textos"
"admin.users.confirmed","Confirmed","Confirmado"
"admin.users.impersonate","Act as {{email}}","Actuar como {{email}}"
"admin.users.impersonate_lead","See the app exactly as they do, to help them. It is recorded in the audit log with your reason.","Ver la app exactamente como la ve, para ayudarle. Queda en el registro de auditoría con tu motivo."
"admin.users.impersonate_title","Act as this user","Actuar como este usuario"
"admin.users.joined","Created","Creado"
"admin.users.lead","Everyone with an account.","Todas las personas con cuenta."
"admin.users.name","Name","Nombre"
"admin.users.organizations","Organizations","Organizaciones"
"admin.users.reason","Reason","Motivo"
"admin.users.reason_help","For example: the support ticket number.","Por ejemplo: el número del pedido de soporte."
"admin.users.role","Role","Rol"
"admin.users.search","Search users by email or name","Buscar usuarios por email o nombre"
"admin.users.title","Users","Usuarios"
"app.name","StarterKit","StarterKit"
"appearance.dark","Dark","Oscuro"
"appearance.label","Theme","Tema"
"appearance.light","Light","Claro"
"appearance.system","Same as my device","Igual que mi dispositivo"
"auth.magic_link.confirm_submit","Confirm and sign in","Confirmar e ingresar"
"auth.magic_link.confirm_title","Confirm your email","Confirmá tu email"
"auth.magic_link.lead","You are signing in as {{email}}.","Vas a ingresar como {{email}}."
"auth.magic_link.submit","Sign in","Ingresar"
"auth.magic_link.title","Sign in","Ingresá"
"auth.registration.accept","I accept the <terms>terms of service</terms> and the <privacy>privacy policy</privacy>.","Acepto los <terms>términos del servicio</terms> y la <privacy>política de privacidad</privacy>."
"auth.registration.closed_body","We are not taking new accounts right now. If you already have an account, sign in.","Ahora no estamos creando cuentas nuevas. Si ya tienes una cuenta, ingresa."
"auth.registration.closed_title","Sign-up is closed","El registro está cerrado"
"auth.registration.email_help","We send a sign-in link here. No password needed.","Te mandamos acá un link para ingresar. No hace falta contraseña."
"auth.registration.have_account","Already have an account?","¿Ya tenés cuenta?"
"auth.registration.invite_body","Use the email address that got the invitation. Without an invitation you can't create an account yet.","Usa el email que recibió la invitación. Sin una invitación todavía no puedes crear una cuenta."
"auth.registration.invite_title","Sign-up is by invitation","El registro es por invitación"
"auth.registration.lead","We only need your name and email. We'll send you a link to confirm it.","Solo necesitamos tu nombre y tu email. Te mandamos un link para confirmarlo."
"auth.registration.submit","Create account","Crear cuenta"
"auth.registration.title","Create your account","Creá tu cuenta"
"auth.session.google","Continue with Google","Continuar con Google"
"auth.session.invalid_credentials","That email and password don't match. Try again or get a link by email.","El email y la contraseña no coinciden. Probá de nuevo o pedí un link por email."
"auth.session.lead","Get a sign-in link by email, or use your password.","Recibí un link por email o usá tu contraseña."
"auth.session.link_help","The link works once and expires in 15 minutes.","El link sirve una vez y vence en 15 minutos."
"auth.session.link_sent_body","If {{email}} has an account, we sent it a sign-in link. Open it on this device; it works for 15 minutes.","Si {{email}} tiene cuenta, le mandamos un link para ingresar. Abrilo en este dispositivo; sirve por 15 minutos."
"auth.session.link_sent_body_new","We sent a link to {{email}}. Open it on this device to confirm your email and sign in; it works for 15 minutes.","Te mandamos un link a {{email}}. Abrilo en este dispositivo para confirmar tu email e ingresar; sirve por 15 minutos."
"auth.session.link_sent_title","Check your email","Revisá tu email"
"auth.session.no_account","New here?","¿Primera vez?"
"auth.session.or","or","o"
"auth.session.password_help","No password yet? Use the email link instead.","¿Todavía no tenés contraseña? Usá el link por email."
"auth.session.reauth_lead","This change needs a recent sign-in. Sign in again to continue.","Este cambio necesita que hayas ingresado hace poco. Ingresá de nuevo para seguir."
"auth.session.reauth_title","Confirm it's you","Confirmá que sos vos"
"auth.session.remember_me","Keep me signed in on this device","Mantener la sesión en este dispositivo"
"auth.session.send_link","Send me the link","Enviarme el link"
"auth.session.submit","Sign in","Ingresar"
"auth.session.tab_link","Email me a link","Enviarme un link"
"auth.session.tab_password","Use a password","Usar contraseña"
"auth.session.title","Sign in","Ingresá"
"auth.unavailable.registration_body","You can't create an account right now, because we can't send the email that confirms it. Please try again later.","Ahora no puedes crear una cuenta, porque no podemos enviar el email que la confirma. Inténtalo más tarde."
"auth.unavailable.session_body","We can't send sign-in links right now. If you have a password, use it to sign in.","Ahora no podemos enviar links para ingresar. Si tienes contraseña, úsala para ingresar."
"auth.unavailable.title","We can't send emails right now","Ahora no podemos enviar emails"
"auth.verification.label","Security check","Verificación de seguridad"
"auth.verification.retry","Try again","Intentar de nuevo"
"auth.verification.unavailable","We couldn't load the security check. Check your connection and try again.","No pudimos cargar la verificación de seguridad. Revisa tu conexión e inténtalo de nuevo."
"billing.accept","I accept the <terms>terms of service</terms> and the <privacy>privacy policy</privacy>. I agree to pay {{price}} {{period}} until I cancel. I can cancel at any time.","Acepto los <terms>términos del servicio</terms> y la <privacy>política de privacidad</privacy>. Acepto pagar {{price}} {{period}} hasta que cancele. Puedo cancelar en cualquier momento."
"billing.checkout.already_subscribed","Your organization already has a paid plan. Use ""Manage payments"" to change it.","Tu organización ya tiene un plan pago. Usa ""Administrar pagos"" para cambiarlo."
"billing.checkout.failed","We couldn't start the payment. Nothing was charged. Try again in a minute.","No pudimos iniciar el pago. No se cobró nada. Intenta de nuevo en un minuto."
"billing.checkout.not_accepted","Tick the box to accept the terms before you pay.","Marca la casilla para aceptar los términos antes de pagar."
"billing.checkout.offer_changed","The price changed after you opened this page. Check the new price and try again.","El precio cambió después de que abriste esta página. Revisa el nuevo precio e intenta de nuevo."
"billing.checkout.submit","Continue to payment ({{price}})","Continuar al pago ({{price}})"
"billing.checkout.test_mode","Payments are in test mode. For now, only our team can try them.","Los pagos están en modo de prueba. Por ahora, solo nuestro equipo puede probarlos."
"billing.closed","Paid plans are not available yet.","Los planes pagos todavía no están disponibles."
"billing.current_plan","Your organization's plan","El plan de tu organización"
"billing.interval.month","Monthly","Mensual"
"billing.interval.year","Yearly","Anual"
"billing.offers.title","Choose a paid plan","Elige un plan pago"
"billing.per.month","per month","por mes"
"billing.per.year","per year","por año"
"billing.plan.free","Free","Gratis"
"billing.plan.pro","Pro","Pro"
"billing.plan_summary.free","Up to 3 people in your organization.","Hasta 3 personas en tu organización."
"billing.plan_summary.pro","Everything, with no limit on people.","Todo, sin límite de personas."
"billing.portal.failed","We couldn't open the payment settings. Try again in a minute.","No pudimos abrir la configuración de pagos. Intenta de nuevo en un minuto."
"billing.portal.help","Change your card, download invoices or cancel. This opens Stripe, our payment provider.","Cambia tu tarjeta, descarga facturas o cancela. Esto abre Stripe, nuestro proveedor de pagos."
"billing.portal.no_subscription","There is no subscription to manage yet.","Todavía no hay una suscripción para administrar."
"billing.portal.open","Manage payments","Administrar pagos"
"billing.price_note","The price you see is the price you pay. Nothing is added at checkout.","El precio que ves es el precio que pagas. No se suma nada al pagar."
"billing.read_only","Only owners and admins can change the plan","Solo los dueños y administradores pueden cambiar el plan"
"billing.read_only_help","Ask an owner or an admin if your organization needs a different plan.","Pide a un dueño o administrador si tu organización necesita otro plan."
"billing.return.active","Thank you! Your new plan is active.","¡Gracias! Tu nuevo plan está activo."
"billing.return.check_again","Check again","Volver a revisar"
"billing.return.confirming","Thank you! We are confirming your payment","¡Gracias! Estamos confirmando tu pago"
"billing.return.confirming_help","This usually takes a few seconds. Your new plan shows here when the payment is confirmed.","Esto suele tardar unos segundos. Tu nuevo plan aparece aquí cuando se confirma el pago."
"billing.status.ended","This subscription ended on {{date}}.","Esta suscripción terminó el {{date}}."
"billing.status.ends","It ends on {{date}} and will not renew.","Termina el {{date}} y no se renovará."
"billing.status.past_due","Your last payment failed. Update your card to keep this plan.","Tu último pago falló. Actualiza tu tarjeta para mantener este plan."
"billing.status.paused","Payments are paused, so the paid plan is not active.","Los pagos están en pausa, así que el plan pago no está activo."
"billing.status.renews","It renews on {{date}}.","Se renueva el {{date}}."
"billing.test_mode.body","Use a Stripe test card. No real money moves. Only our team sees these plans now.","Usa una tarjeta de prueba de Stripe. No se mueve dinero real. Por ahora, solo nuestro equipo ve estos planes."
"billing.test_mode.title","Test mode","Modo de prueba"
"common.cancel","Cancel","Cancelar"
"common.close","Close","Cerrar"
"common.no","No","No"
"common.save","Save","Guardar"
"common.save_changes","Save changes","Guardar cambios"
"common.search","Search","Buscar"
"dashboard.checklist.done","Done","Listo"
"dashboard.checklist.invite","Invite the people you work with","Invitá a las personas con las que trabajás"
"dashboard.checklist.password","Set a password (optional)","Poné una contraseña (opcional)"
"dashboard.checklist.profile","Add your name","Agregá tu nombre"
"dashboard.checklist.title","Get started","Para empezar"
"dashboard.checklist.todo","To do","Pendiente"
"dashboard.empty.body","When you start something, you will find it here with its next step.","Cuando empieces algo, lo vas a encontrar acá con su próximo paso."
"dashboard.empty.title","This is where your work will appear","Acá va a aparecer tu trabajo"
"dashboard.greeting","Hi, {{name}}","Hola, {{name}}"
"dashboard.lead","You are working in {{organization}}.","Estás trabajando en {{organization}}."
"dashboard.title","Home","Inicio"
"email_opt_out.done_lead","We won't send news or tips to {{email}} any more. You still get sign-in links and messages about your account.","Ya no enviaremos novedades ni consejos a {{email}}. Seguirás recibiendo los enlaces para ingresar y los mensajes sobre tu cuenta."
"email_opt_out.done_title","You are unsubscribed","Te diste de baja"
"email_opt_out.home","Go to the home page","Ir a la página de inicio"
"email_opt_out.lead","Stop news and tips sent to {{email}}.","Deja de recibir novedades y consejos en {{email}}."
"email_opt_out.resubscribe","Changed your mind? You can turn news and tips back on in your settings.","¿Cambiaste de opinión? Puedes volver a activar las novedades y consejos en tu configuración."
"email_opt_out.settings","Open email settings","Abrir la configuración de emails"
"email_opt_out.still_sent","You will still get sign-in links and messages about your account, invitations and payments.","Seguirás recibiendo los enlaces para ingresar y los mensajes sobre tu cuenta, invitaciones y pagos."
"email_opt_out.submit","Unsubscribe","Darme de baja"
"email_opt_out.title","Unsubscribe from optional emails?","¿Darte de baja de los emails opcionales?"
"errors.api.bad_request","The request is not valid.","El pedido no es válido."
"errors.api.conflict","This change conflicts with another update.","Este cambio entra en conflicto con otra actualización."
"errors.api.content_type_not_allowed","This type of file is not allowed.","Este tipo de archivo no está permitido."
"errors.api.forbidden","You are not allowed to do this.","No tenés permiso para hacer esto."
"errors.api.internal_error","Something went wrong on our side.","Algo falló de nuestro lado."
"errors.api.invalid_json","The request contains invalid JSON.","El pedido contiene JSON inválido."
"errors.api.invalid_signature","The request signature is not valid.","La firma del pedido no es válida."
"errors.api.invalid_size","The file size is not valid.","El tamaño del archivo no es válido."
"errors.api.not_found","We can't find what you asked for.","No encontramos lo que pediste."
"errors.api.too_large","The file is too large.","El archivo es demasiado grande."
"errors.api.too_many_requests","Too many attempts. Wait a minute and try again.","Demasiados intentos. Esperá un minuto y probá de nuevo."
"errors.api.unauthorized","Sign in to continue.","Ingresá para continuar."
"errors.api.unknown_kind","This kind of upload is not allowed.","Este tipo de subida no está permitido."
"errors.api.uploads_not_configured","File uploads are not set up yet.","La subida de archivos todavía no está configurada."
"errors.api.validation_failed","Some fields need a fix.","Hay campos para corregir."
"errors.page.403.body","Your role doesn't allow it. Ask an owner or an admin of your organization.","Tu rol no lo permite. Pedíselo a un dueño o administrador de tu organización."
"errors.page.403.title","You can't open this page","No podés abrir esta página"
"errors.page.404.body","The link may be old or mistyped.","Puede que el link sea viejo o tenga un error."
"errors.page.404.title","We can't find this page","No encontramos esta página"
"errors.page.500.body","We were notified. Try again in a few minutes.","Ya nos avisaron. Probá de nuevo en unos minutos."
"errors.page.500.title","Something went wrong on our side","Algo falló de nuestro lado"
"errors.page.dashboard","Back to your home","Volver a tu inicio"
"errors.page.home","Go to the home page","Ir al inicio"
"fields.email","Email","Email"
"fields.language","Language","Idioma"
"fields.name","Your name","Tu nombre"
"fields.new_email","New email","Email nuevo"
"fields.new_password","New password","Contraseña nueva"
"fields.organization_name","Organization name","Nombre de la organización"
"fields.password","Password","Contraseña"
"fields.password_confirmation","Type the password again","Repetí la contraseña"
"flash.account.deleted","Your account was deleted.","Tu cuenta fue borrada."
"flash.account.subscription_active","Cancel the paid plan first. Nobody else could stop the payments after you leave.","Primero cancela el plan de pago. Nadie más podría detener los pagos cuando te vayas."
"flash.account.transfer_ownership","Make someone else an owner first. An organization cannot stay without an owner.","Primero nombra a otra persona como dueña. Una organización no puede quedarse sin dueño."
"flash.admin.translation_failed","We couldn't save the text. Try again.","No pudimos guardar el texto. Probá de nuevo."
"flash.admin.translation_saved","Text saved. Everyone sees it now.","Texto guardado. Ya lo ven todos."
"flash.admin.translations_filled","{{count}} texts filled.","Se completaron {{count}} textos."
"flash.admin.translations_filled_one","1 text filled. Review it before relying on it.","Se completó 1 texto. Revisalo antes de confiar en él."
"flash.admin.translations_filled_other","{{count}} texts filled. Review them before relying on them.","Se completaron {{count}} textos. Revisalos antes de confiar en ellos."
"flash.admin.user_updated","User updated.","Usuario actualizado."
"flash.email.changed","Your email was changed.","Tu email fue cambiado."
"flash.email.confirmation_sent","We sent a link to {{email}}. Open it to finish the change.","Te mandamos un link a {{email}}. Abrilo para terminar el cambio."
"flash.email.link_invalid","This link is not valid any more. Ask for a new one.","Este link ya no sirve. Pedí uno nuevo."
"flash.email_opt_out_invalid","This unsubscribe link is not valid any more. Use the link in a newer email.","Este enlace para cancelar la suscripción ya no es válido. Usa el enlace de un email más reciente."
"flash.email_preferences.updated","Email preferences saved.","Preferencias de email guardadas."
"flash.email_unavailable","We can't send emails right now. Please try again later.","Ahora no podemos enviar emails. Inténtalo más tarde."
"flash.impersonation.forbidden","You can't act as this user.","No podés actuar como este usuario."
"flash.impersonation.started","You are now acting as {{email}}.","Ahora estás actuando como {{email}}."
"flash.impersonation.stopped","You are back in your own account.","Volviste a tu cuenta."
"flash.invitation.accepted","Welcome! You joined the organization.","¡Bienvenido! Te sumaste a la organización."
"flash.invitation.email_mismatch","This invitation is for another email.","Esta invitación es para otro email."
"flash.invitation.invalid","This invitation is not valid any more. Ask for a new one.","Esta invitación ya no sirve. Pedí una nueva."
"flash.invitation.revoked","Invitation cancelled.","Invitación cancelada."
"flash.invitation.sent","Invitation sent to {{email}}.","Invitación enviada a {{email}}."
"flash.invitation_required","You need an invitation to create an account. Ask the person who invited you to send it to this email address.","Necesitas una invitación para crear una cuenta. Pide a quien te invitó que la envíe a este email."
"flash.legal.published","Published. Everyone sees this version now.","Publicado. Ya todos ven esta versión."
"flash.legal.saved","Version saved as a draft.","Versión guardada como borrador."
"flash.magic_link_invalid","This link is not valid any more. Ask for a new one.","Este link ya no sirve. Pedí uno nuevo."
"flash.membership.last_owner","An organization needs at least one owner. Make someone else owner first.","Una organización necesita al menos un dueño. Primero nombrá a otra persona como dueño."
"flash.membership.left","You left the organization.","Saliste de la organización."
"flash.membership.removed","Person removed.","Persona quitada."
"flash.membership.updated","Role updated.","Rol actualizado."
"flash.oauth_failed","We couldn't sign you in with Google. Try again or use your email.","No pudimos hacerte ingresar con Google. Probá de nuevo o usá tu email."
"flash.onboarding.done","You are all set.","Todo listo."
"flash.organization.created","Organization created. You are its owner.","Organización creada. Sos el dueño."
"flash.organization.updated","Organization updated.","Organización actualizada."
"flash.password.updated","Password saved. Other devices were signed out.","Contraseña guardada. Se cerró la sesión en tus otros dispositivos."
"flash.profile.updated","Profile saved.","Perfil guardado."
"flash.reauthenticate","Please sign in again to make this change.","Ingresá de nuevo para hacer este cambio."
"flash.session.not_found","That device was already signed out.","Ese dispositivo ya no tenía sesión."
"flash.session.revoked","Device signed out.","Se cerró la sesión del dispositivo."
"flash.sign_in_required","Sign in to continue.","Ingresá para continuar."
"flash.signed_in","Welcome back!","¡Hola de nuevo!"
"flash.signed_out","You signed out.","Saliste de tu cuenta."
"flash.signup_closed","We are not taking new accounts right now. If you already have an account, sign in.","Ahora no estamos creando cuentas nuevas. Si ya tienes una cuenta, ingresa."
"flash.welcome","Welcome! Your account is ready.","¡Bienvenido! Tu cuenta está lista."
"footer.copyright","© {{year}} {{app}}","© {{year}} {{app}}"
"footer.legal","Legal","Legales"
"global_roles.superadmin","Superadmin","Superadmin"
"global_roles.user","User","Usuario"
"home.demo.caption","Every question explains why we ask it.","Cada pregunta explica por qué la hacemos."
"home.demo.field","Street and number","Calle y número"
"home.demo.help","We use the address only to fill in your contract.","Usamos la dirección solo para completar tu contrato."
"home.demo.label","Example of a guided form step","Ejemplo de un paso de formulario guiado"
"home.demo.progress","Step 2 of 4","Paso 2 de 4"
"home.demo.question","Where is the property?","¿Dónde está la propiedad?"
"home.demo.value","Av. Corrientes 1234","Av. Corrientes 1234"
"home.faq.a1","No. Each question comes with a short explanation and an example.","No. Cada pregunta viene con una explicación corta y un ejemplo."
"home.faq.a2","Yes. Your answers are saved as you go.","Sí. Tus respuestas se guardan mientras avanzás."
"home.faq.a3","Only you and the people you invite to your organization.","Solo vos y las personas que invites a tu organización."
"home.faq.a4","We email you a link. Open it and you are in. You can add a password later if you prefer.","Te enviamos un link por email. Lo abrís y listo. Si preferís, después podés agregar una contraseña."
"home.faq.q1","Do I need to know anything about law or forms?","¿Tengo que saber de leyes o formularios?"
"home.faq.q2","Can I stop and continue later?","¿Puedo dejar y seguir después?"
"home.faq.q3","Who can see my information?","¿Quién puede ver mi información?"
"home.faq.q4","How do I sign in without a password?","¿Cómo ingreso sin contraseña?"
"home.faq.title","Questions people ask","Preguntas frecuentes"
"home.final.body","It takes about ten minutes. You can stop and continue later.","Lleva unos diez minutos. Podés dejar y seguir después."
"home.final.title","Ready when you are.","Cuando quieras, empezamos."
"home.hero.cta_primary","Create your free account","Crear tu cuenta gratis"
"home.hero.cta_secondary","Sign in","Ingresar"
"home.hero.lead","Answer simple questions in plain words. We explain every field as you go, check your answers, and give you a document you can trust.","Respondé preguntas simples, en palabras claras. Te explicamos cada campo mientras avanzás, revisamos tus respuestas y te damos un documento confiable."
"home.hero.note","Free to try. No card, no jargon.","Gratis para probar. Sin tarjeta, sin palabras raras."
"home.hero.title","Get your paperwork done, one clear step at a time.","Hacé tus trámites, un paso claro a la vez."
"home.how.step1.body","One question per screen. Skip what you don't know and come back to it later.","Una pregunta por pantalla. Salteá lo que no sepas y volvé después."
"home.how.step1.title","Answer a few questions","Respondé unas preguntas"
"home.how.step2.body","Before anything is final, you see a summary and can change any answer.","Antes de terminar, ves un resumen y podés cambiar cualquier respuesta."
"home.how.step2.title","Check everything in one place","Revisá todo en un solo lugar"
"home.how.step3.body","Download it, share it, or send it for signature.","Descargalo, compartilo o envialo para firmar."
"home.how.step3.title","Get your document","Recibí tu documento"
"home.how.title","How it works","Cómo funciona"
"home.seo.description","Answer simple questions in plain words. We explain every field, check your answers and give you a document you can trust.","Respondé preguntas simples, en palabras claras. Te explicamos cada campo, revisamos tus respuestas y te damos un documento confiable."
"home.seo.title","StarterKit — paperwork done, one clear step at a time","StarterKit — tus trámites, un paso claro a la vez"
"home.values.help.body","Every field says why we ask and what to write.","Cada campo dice por qué lo pedimos y qué escribir."
"home.values.help.title","Help where you need it","Ayuda donde la necesitás"
"home.values.language.body","Switch between English and Spanish whenever you like.","Cambiá entre español e inglés cuando quieras."
"home.values.language.title","In your language","En tu idioma"
"home.values.plain.body","No legal or technical terms without an explanation right next to them.","Ningún término legal o técnico sin una explicación al lado."
"home.values.plain.title","Plain words","Palabras claras"
"home.values.privacy.body","Stored safely, never sold, and you can delete your account at any time.","Guardados de forma segura, nunca vendidos, y podés borrar tu cuenta cuando quieras."
"home.values.privacy.title","Your data stays yours","Tus datos son tuyos"
"home.values.title","Made for people, not for experts","Hecho para personas, no para expertos"
"impersonation.banner","You are acting as {{email}}. Everything you do is recorded.","Estás actuando como {{email}}. Todo lo que hagas queda registrado."
"impersonation.stop","Back to my account","Volver a mi cuenta"
"invitation.accept","Accept the invitation","Aceptar la invitación"
"invitation.create_account","Create an account to accept","Crear una cuenta para aceptar"
"invitation.guest_help","Use {{email}} so we can match the invitation.","Usá {{email}} para que podamos encontrar la invitación."
"invitation.lead","You were invited as {{role}} with the email {{email}}.","Te invitaron como {{role}} con el email {{email}}."
"invitation.other_account","You are signed in as {{email}}.","Ingresaste como {{email}}."
"invitation.other_account_help","This invitation is for {{email}}. Sign out and sign in with that email.","Esta invitación es para {{email}}. Salí e ingresá con ese email."
"invitation.sign_in","I already have an account","Ya tengo cuenta"
"invitation.title","Join {{organization}}","Sumate a {{organization}}"
"legal.cookies","Cookie policy","Política de cookies"
"legal.privacy","Privacy policy","Política de privacidad"
"legal.terms","Terms of service","Términos del servicio"
"legal.version","Version {{version}} · in force since {{date}}","Versión {{version}} · vigente desde {{date}}"
"level.admin_full","Admin","Administrador"
"level.admin_viewer","Admin (view only)","Administrador (solo ver)"
"level.member_full","Editor","Editor"
"level.member_viewer","Viewer","Lector"
"level.owner_full","Owner","Dueño"
"level.owner_viewer","Owner (view only)","Dueño (solo ver)"
"locale.label","Change language","Cambiar idioma"
"locale.name.en","English","English"
"locale.name.es","Español","Español"
"mail.badge.test","Test mode","Modo de prueba"
"mail.email_change.action","Confirm my new email","Confirmar mi email nuevo"
"mail.email_change.headline","Confirm your new email","Confirma tu email nuevo"
"mail.email_change.lead","Confirm it to sign in with this address from now on.","Confírmalo para ingresar con este email desde ahora."
"mail.email_change.note1","Did not ask for this change? Ignore this email. Your email stays the same.","¿No pediste este cambio? Ignora este email. Tu email no cambia."
"mail.email_change.subject","Confirm your new email for {{app}}","Confirma tu email nuevo en {{app}}"
"mail.fact.account","Account","Cuenta"
"mail.fact.amount","Amount","Monto"
"mail.fact.expires","Expires","Vence"
"mail.fact.invited_by","Invited by","Te invitó"
"mail.fact.new_email","New email","Email nuevo"
"mail.fact.organization","Organization","Organización"
"mail.fact.plan","Plan","Plan"
"mail.fact.renews_on","Renews on","Se renueva el"
"mail.fact.valid_for","Link valid for","El enlace vale"
"mail.footer","You got this email because of your account at {{app}}. If you didn't expect it, you can ignore it.","Recibiste este email por tu cuenta en {{app}}. Si no lo esperabas, puedes ignorarlo."
"mail.invitation.action","See the invitation","Ver la invitación"
"mail.invitation.footer","You got this email because {{inviter}} invited you. If you don't know them, you can ignore it.","Recibiste este email porque {{inviter}} te invitó. Si no conoces a esa persona, puedes ignorarlo."
"mail.invitation.headline","Join {{organization}}","Únete a {{organization}}"
"mail.invitation.lead","{{inviter}} invited you to work together on {{app}}.","{{inviter}} te invitó a trabajar en equipo en {{app}}."
"mail.invitation.subject","{{inviter}} invited you to {{organization}}","{{inviter}} te invitó a {{organization}}"
"mail.magic_link.action","Sign in","Ingresar"
"mail.magic_link.headline","Sign in to {{app}}","Ingresa a {{app}}"
"mail.magic_link.lead","Use the button to sign in. You do not need a password.","Usa el botón para ingresar. No necesitas contraseña."
"mail.magic_link.note1","Did not ask for this link? Ignore this email. Your account stays safe.","¿No pediste este enlace? Ignora este email. Tu cuenta sigue segura."
"mail.magic_link.subject","Your sign-in link for {{app}}","Tu enlace para ingresar a {{app}}"
"mail.preferences","Email preferences","Preferencias de email"
"mail.product_update.action","See what's new","Ver las novedades"
"mail.product_update.footer","You got this email because you have an account at {{app}}. Unsubscribe and we stop sending news.","Recibiste este email porque tienes una cuenta en {{app}}. Date de baja y dejamos de enviarte novedades."
"mail.product_update.headline","{{title}}","{{title}}"
"mail.product_update.lead","{{summary}}","{{summary}}"
"mail.product_update.subject","What's new in {{app}}: {{title}}","Novedades de {{app}}: {{title}}"
"mail.renewal_notice.action","Manage my plan","Administrar mi plan"
"mail.renewal_notice.footer","You got this email because you manage billing for an organization at {{app}}. We send it once before each renewal.","Recibiste este email porque administras la facturación de una organización en {{app}}. Lo enviamos una vez antes de cada renovación."
"mail.renewal_notice.headline","Your plan renews soon","Tu plan se renueva pronto"
"mail.renewal_notice.lead","On the renewal date we charge the amount below.","En la fecha de renovación cobramos el monto de abajo."
"mail.renewal_notice.note1","That is the full amount: nothing is added.","Ese es el monto total: no se suma nada."
"mail.renewal_notice.note2","To change or cancel the plan, do it in the app before {{date}}.","Para cambiar o cancelar el plan, hazlo en la app antes del {{date}}."
"mail.renewal_notice.subject","Your {{app}} plan renews on {{date}}","Tu plan de {{app}} se renueva el {{date}}"
"mail.unsubscribe","Unsubscribe","Darme de baja"
"mail.value.days_7","In 7 days","En 7 días"
"mail.value.minutes_15","15 minutes, one use","15 minutos, un solo uso"
"nav.admin","Admin","Administración"
"nav.home","Home","Inicio"
"nav.open_app","Open the app","Abrir la app"
"nav.people","People","Personas"
"nav.settings","Settings","Configuración"
"nav.sign_in","Sign in","Ingresar"
"nav.sign_out","Sign out","Salir"
"nav.sign_up","Create account","Crear cuenta"
"og.tagline","Paperwork done, one clear step at a time.","Tus trámites, un paso claro a la vez."
"onboarding.lead","A few quick questions. You can skip any of them and change the answers later in Settings.","Unas preguntas rápidas. Puedes saltar cualquiera y cambiar las respuestas más tarde en Ajustes."
"onboarding.name.description","People you invite see this name.","Las personas que invites ven este nombre."
"onboarding.name.help","Use the name people know it by. Leave it empty to keep the name shown.","Usa el nombre con el que la conocen. Déjalo vacío para mantener el nombre que se muestra."
"onboarding.name.title","What is your team or company called?","¿Cómo se llama tu equipo o empresa?"
"onboarding.name.too_short","Write at least 2 letters, or skip this question.","Escribe al menos 2 letras, o salta esta pregunta."
"onboarding.skip","Skip for now","Saltar por ahora"
"onboarding.submit","Finish","Terminar"
"onboarding.title","Welcome! Let's get you set up","¡Te damos la bienvenida! Preparemos todo"
"organizations.create","Create an organization","Crear una organización"
"organizations.new.lead","An organization groups people who work on the same things. You will be its owner.","Una organización agrupa a las personas que trabajan en lo mismo. Vas a ser el dueño."
"organizations.new.name_help","Use the name people know it by. You can change it later.","Usá el nombre con el que la conocen. Lo podés cambiar después."
"organizations.new.submit","Create organization","Crear organización"
"organizations.new.title","Create an organization","Crear una organización"
"organizations.switch","Switch organization","Cambiar de organización"
"pagination.label","Pages","Páginas"
"pagination.next","Next","Siguiente"
"pagination.previous","Previous","Anterior"
"pagination.summary","Page {{page}} of {{pages}} · {{total}} in total","Página {{page}} de {{pages}} · {{total}} en total"
"roles.admin","Admin","Administrador"
"roles.member","Member","Miembro"
"roles.owner","Owner","Dueño"
"settings.account.blocked.subscription_active","{{organization}} still has a paid plan, and you are the only person in it. Cancel the plan in Plan and billing, then come back.","{{organization}} todavía tiene un plan de pago y eres la única persona en ella. Cancela el plan en Plan y pagos y luego vuelve aquí."
"settings.account.blocked.transfer_ownership","You are the only owner of {{organization}}. Make another person there an owner in People, then come back.","Eres la única persona dueña de {{organization}}. Nombra a otra persona como dueña en Personas y luego vuelve aquí."
"settings.account.blocked_title","One thing to do before you can delete your account","Una cosa antes de poder borrar tu cuenta"
"settings.account.confirm_body","You will be signed out and you cannot get it back.","Se va a cerrar tu sesión y no la vas a poder recuperar."
"settings.account.confirm_title","Delete your account?","¿Borrar tu cuenta?"
"settings.account.delete","Delete my account","Borrar mi cuenta"
"settings.account.delete_body","We delete your account and your access to every organization. An organization where you are the only person is deleted with its data.","Borramos tu cuenta y tu acceso a todas las organizaciones. Una organización en la que eres la única persona se borra con sus datos."
"settings.account.delete_title","This cannot be undone","Esto no se puede deshacer"
"settings.account.lead","You can leave at any time.","Te podés ir cuando quieras."
"settings.account.nav","Delete account","Borrar cuenta"
"settings.account.title","Delete your account","Borrar tu cuenta"
"settings.appearance.lead","Choose light or dark. This only changes this browser.","Elegí claro u oscuro. Solo cambia en este navegador."
"settings.appearance.nav","Appearance","Apariencia"
"settings.appearance.title","Appearance","Apariencia"
"settings.billing.lead","Your organization's plan and payments.","El plan y los pagos de tu organización."
"settings.billing.nav","Plan and billing","Plan y pagos"
"settings.billing.title","Plan and billing","Plan y pagos"
"settings.email.help","We send a link to the new address. The change happens when you open it.","Te mandamos un link al email nuevo. El cambio se hace cuando lo abrís."
"settings.email.lead","You sign in with {{email}}.","Ingresás con {{email}}."
"settings.email.nav","Email","Email"
"settings.email.submit","Send confirmation link","Enviar link de confirmación"
"settings.email.title","Change your email","Cambiar tu email"
"settings.email_confirmation.lead","You will sign in with {{email}} from now on.","Desde ahora vas a ingresar con {{email}}."
"settings.email_confirmation.submit","Change my email","Cambiar mi email"
"settings.email_confirmation.title","Confirm your new email","Confirma tu nuevo email"
"settings.email_preferences.always_body","Sign-in links, account security, invitations and payments. Your account needs them to work, so you can't turn them off.","Los enlaces para ingresar, la seguridad de la cuenta, las invitaciones y los pagos. Tu cuenta los necesita para funcionar, por eso no se pueden desactivar."
"settings.email_preferences.always_title","Always sent","Siempre se envían"
"settings.email_preferences.lead","Choose which emails we send you.","Elige qué emails te enviamos."
"settings.email_preferences.nav","Email notifications","Notificaciones por email"
"settings.email_preferences.off","Off","Desactivado"
"settings.email_preferences.on","On","Activado"
"settings.email_preferences.optional_help","New features and tips. Turn them off here at any time, or with the Unsubscribe link in any of these emails.","Funciones nuevas y consejos. Desactívalos aquí cuando quieras o con el enlace «Darme de baja» de cualquiera de estos emails."
"settings.email_preferences.optional_label","News and tips","Novedades y consejos"
"settings.email_preferences.title","Email notifications","Notificaciones por email"
"settings.group.organization","Organization","Organización"
"settings.group.you","Your account","Tu cuenta"
"settings.members.can","They can","Puede"
"settings.members.email_help","Use the email they sign in with.","Usá el email con el que ingresa."
"settings.members.expires","expires {{date}}","vence el {{date}}"
"settings.members.explain.admin_full","Everything, including inviting and removing people.","Todo, incluso invitar y quitar personas."
"settings.members.explain.member_full","Create and change things, but not manage people.","Crear y cambiar cosas, pero no manejar personas."
"settings.members.explain.member_viewer","See everything, change nothing.","Ver todo, sin cambiar nada."
"settings.members.explain.owner_full","Everything. Owners can also make other owners.","Todo. Los dueños también pueden nombrar otros dueños."
"settings.members.invite","Invite someone","Invitar a alguien"
"settings.members.invite_lead","They get an email with a link to join.","Recibe un email con un link para sumarse."
"settings.members.lead","Who can use this organization and what each person can do.","Quién puede usar esta organización y qué puede hacer cada persona."
"settings.members.leave","Leave","Salir"
"settings.members.leave_body","You will lose access until someone invites you again.","Vas a perder el acceso hasta que alguien te invite de nuevo."
"settings.members.leave_title","Leave this organization?","¿Salir de esta organización?"
"settings.members.nav","People","Personas"
"settings.members.pending_help","They got an email with a link. Invitations expire after 7 days.","Recibieron un email con un link. Las invitaciones vencen a los 7 días."
"settings.members.pending_title","Waiting to join","Esperando que se sumen"
"settings.members.remove","Remove","Quitar"
"settings.members.remove_body","They lose access right away. You can invite them again later.","Pierde el acceso al instante. Lo podés invitar de nuevo después."
"settings.members.remove_title","Remove {{name}}?","¿Quitar a {{name}}?"
"settings.members.revoke","Cancel invitation","Cancelar invitación"
"settings.members.revoke_body","The link in their email will stop working.","El link de su email va a dejar de funcionar."
"settings.members.revoke_title","Cancel the invitation to {{email}}?","¿Cancelar la invitación a {{email}}?"
"settings.members.role_for","Role of {{name}}","Rol de {{name}}"
"settings.members.send_invite","Send invitation","Enviar invitación"
"settings.members.step_email","Who do you want to invite?","¿A quién querés invitar?"
"settings.members.step_review","Check and send","Revisá y enviá"
"settings.members.step_role","What can they do?","¿Qué puede hacer?"
"settings.members.title","People","Personas"
"settings.members.you","you","vos"
"settings.organization.lead","The name everyone in the organization sees.","El nombre que ven todos en la organización."
"settings.organization.name_help","Short and recognisable.","Corto y fácil de reconocer."
"settings.organization.nav","Organization","Organización"
"settings.organization.read_only","Only owners and admins can change this","Solo los dueños y administradores pueden cambiar esto"
"settings.organization.read_only_help","Ask an owner or an admin if something needs to change.","Pedile a un dueño o administrador si hay que cambiar algo."
"settings.organization.title","Organization","Organización"
"settings.password.help","At least 12 characters. A short sentence is easy to remember and hard to guess.","Al menos 12 caracteres. Una frase corta es fácil de recordar y difícil de adivinar."
"settings.password.lead_change","Other devices will be signed out.","Se va a cerrar la sesión en tus otros dispositivos."
"settings.password.lead_set","Optional. You can always sign in with a link by email.","Opcional. Siempre podés ingresar con un link por email."
"settings.password.nav","Password","Contraseña"
"settings.password.submit","Save password","Guardar contraseña"
"settings.password.title_change","Change your password","Cambiar tu contraseña"
"settings.password.title_set","Set a password","Poner una contraseña"
"settings.profile.language_help","The app and our emails use this language.","La app y nuestros emails usan este idioma."
"settings.profile.lead","How you appear to others and the language of the app.","Cómo te ven los demás y el idioma de la app."
"settings.profile.name_help","People in your organization see this name.","Las personas de tu organización ven este nombre."
"settings.profile.nav","Profile","Perfil"
"settings.profile.title","Profile","Perfil"
"settings.sessions.confirm_body","Whoever uses that device will need to sign in again.","Quien use ese dispositivo va a tener que ingresar de nuevo."
"settings.sessions.confirm_title","Sign out this device?","¿Cerrar la sesión en este dispositivo?"
"settings.sessions.lead","If you don't recognise a device, sign it out.","Si no reconocés un dispositivo, cerrale la sesión."
"settings.sessions.nav","Devices","Dispositivos"
"settings.sessions.sign_out","Sign out this device","Cerrar sesión en este dispositivo"
"settings.sessions.signed_in_at","Signed in {{date}}","Ingresó el {{date}}"
"settings.sessions.this_device","This device","Este dispositivo"
"settings.sessions.title","Where you are signed in","Dónde tenés la sesión abierta"
"settings.sessions.unknown_device","Unknown device","Dispositivo desconocido"
"stepper.back","Back","Atrás"
"stepper.invalid","Check this answer before continuing.","Revisa esta respuesta antes de continuar."
"stepper.next","Continue","Continuar"
"stepper.progress","Step {{current}} of {{total}}","Paso {{current}} de {{total}}"
"stepper.review","Review your answers","Revisa tus respuestas"
"ui.loading","Loading","Cargando"
"ui.more","More","Más"
"ui.more_pages","More pages","Más páginas"
"ui.next_page","Go to the next page","Ir a la página siguiente"
"ui.next_slide","Next slide","Imagen siguiente"
"ui.previous_page","Go to the previous page","Ir a la página anterior"
"ui.previous_slide","Previous slide","Imagen anterior"
"ui.sidebar","Menu","Menú"
"ui.sidebar_description","The main menu of the app.","El menú principal de la app."
"ui.toggle_sidebar","Show or hide the menu","Mostrar u ocultar el menú"
"validation.already_member","This person is already in the organization.","Esta persona ya está en la organización."
"validation.cast","This value is not valid.","Este valor no es válido."
"validation.confirmation","The two values don't match.","Los dos valores no coinciden."
"validation.email_format","Write a full email, like ana@example.com.","Escribí un email completo, como ana@ejemplo.com."
"validation.email_unchanged","This is already your email.","Este ya es tu email."
"validation.english_required","The English version is required.","La versión en inglés es obligatoria."
"validation.exclusion","This value is not allowed.","Este valor no está permitido."
"validation.format","This doesn't look right.","Esto no parece correcto."
"validation.inclusion","Choose one of the options.","Elegí una de las opciones."
"validation.invitation_owner","Invite people as admin or member. You can make them owner later.","Invitá como administrador o miembro. Después podés nombrarlos dueños."
"validation.invitation_pending","There is already a pending invitation for this email.","Ya hay una invitación pendiente para este email."
"validation.last_owner","An organization needs at least one owner.","Una organización necesita al menos un dueño."
"validation.length_is","Use exactly {{count}} characters.","Usá exactamente {{count}} caracteres."
"validation.length_max","Use at most {{count}} characters.","Usá como máximo {{count}} caracteres."
"validation.length_min","Use at least {{count}} characters.","Usá al menos {{count}} caracteres."
"validation.number_greater_than","Must be greater than {{number}}.","Tiene que ser mayor que {{number}}."
"validation.number_less_than","Must be less than {{number}}.","Tiene que ser menor que {{number}}."
"validation.owner_only","Only owners can make someone an owner.","Solo los dueños pueden nombrar a otro dueño."
"validation.password_mismatch","The passwords don't match.","Las contraseñas no coinciden."
"validation.required","This field is required.","Este campo es obligatorio."
"validation.terms_required","Accept the terms and the privacy policy to create your account.","Acepta los términos y la política de privacidad para crear tu cuenta."
"validation.turnstile_required","We couldn't confirm that you're a person. Wait for the security check to finish, then send the form again.","No pudimos confirmar que eres una persona. Espera a que termine la verificación de seguridad y vuelve a enviar el formulario."
"validation.unique","This is already taken.","Esto ya está en uso."
"validation.unsafe_unique","This is already taken.","Esto ya está en uso."
"errors.api.rate_limited","Too many attempts. Wait a minute and try again.","Demasiados intentos. Esperá un minuto y probá de nuevo."
"errors.api.method_not_allowed","This request method is not supported.","Este método no está permitido."
"errors.api.unsupported_media_type","Send the request as JSON.","Enviá la solicitud como JSON."
